<?xml version="1.0" encoding="UTF-8"?>
<project-private xmlns="http://www.netbeans.org/ns/project-private/1">
    <editor-bookmarks xmlns="http://www.netbeans.org/ns/editor-bookmarks/2" lastBookmarkId="0"/>
    <open-files xmlns="http://www.netbeans.org/ns/projectui-open-files/2">
        <group>
            <file>file:/Users/nemeslaszlo/Desktop/Auction/src/auction/BidHistoryClient.java</file>
            <file>file:/Users/nemeslaszlo/Desktop/Auction/src/auction/BidHistory.java</file>
            <file>file:/Users/nemeslaszlo/Desktop/Auction/src/auction/Auction.java</file>
            <file>file:/Users/nemeslaszlo/Desktop/Auction/src/auction/BidHistoryImp.java</file>
        </group>
    </open-files>
</project-private>
